,NÚMERO,ESTADO,PRESENTACIÓN,TÍTULO
1,08097/2020-CR,Al Archivo,16/07/2021,"LEY DE REFORMA CONSTITUCIONAL QUE RECONOCE COMO SUJETOS DE DERECHO A LOS RÍOS AMAZÓNICOS, ESTABLECE UN SISTEMA ESPECIAL DE PROTECCIÓ Y CONSERVACIÓN INTEGRAL POR SUS ESPECIALES CONDICIONES"
2,07888/2020-CR,Presentado,14/06/2021,LEY QUE PRECISA EL USO DE LA CUESTIÓN DE CONFIANZA CONTEMPLADA EN LOS ARTÍCULOS 132 Y 133 DE LA CONSTITUCIÓN POLÍTICA DEL PERÚ
3,07887/2020-CR,Al Archivo,14/06/2021,"LEY DE REFORMA CONSTITUCIONAL QUE MODIFICA LOS ARTÍCULOS 191 Y 194 DE LA CONSTITUCIÓN POLÍTICA, REFERIDOS AL PERÍODO DE MANDATO DE LAS AUTORIDADES REGIONALES Y LOCALES"
4,07863/2020-CR,Al Archivo,09/06/2021,LEY DE REFORMA CONSTITUCIONAL QUE RESTABLECE EL SISTEMA BICAMERAL EN LA ESTRUCTURA DEL CONGRESO DE LA REPÚBLICA
5,07737/2020-CR,Al Archivo,20/05/2021,LEY QUE REFORMA CONSTITUCIONAL DEL RÉGIMEN DE EXCEPCIÓN
6,07693/2020-CR,Al Archivo,12/05/2021,LEY DE REFORMA CONSTITUCIONAL QUE PLANTEA LA AUTONOMÍA FUNCIONAL DEL CONGRESO DE LA REPÚBLICA Y DEL PODER EJECUTIVO
7,07662/2020-CR,Al Archivo,07/05/2021,LEY DE REFORMA CONSTITUCIONAL QUE PROMUEVE LA REVISIÓN DE CONTRATOS LEY
8,07624/2020-CR,Presentado,04/05/2021,"LEY DE REFORMA CONSTITUCIONAL PARA FORTALECER LAS RELACIONES DEL PODER EJECUTIVO Y EL PODER LEGISLATIVO, EN EL USO DE CUESTIÓN DE CONFIANZA"
9,07607/2020-CR,Publicado El Peruano,30/04/2021,LEY QUE GARANTIZA LA IMPARCIALIDAD DE LAS SALAS PENALES ESPECIALES EN LOS PROCESOS PENALES ESPECIALES POR RAZÓN DE LA FUNCIÓN
10,07605/2020-CR,Al Archivo,30/04/2021,"LEY DE REFORMA CONSTITUCIONAL QUE PROPONE ESTABLECER EL VOTO FACULTATIVO EN LOS PROCESOS ELECTORALES DE ALCANCE NACIONAL, REGIONAL Y MUNICIPAL -""""LEY DE VOTO FACULTATIVO"""""
11,07602/2020-CR,Al Archivo,30/04/2021,"LEY DE REFORMA CONSTITUCIONAL QUE MODIFICA LOS ARTÍCULOS 150, 179 Y 180 DE LA CONSTITUCIÓN POLÍTICA DEL PERÚ, RESPECTO A LA CONFORMACIÓN DEL PLENO JURADO NACIONAL DE ELECCIONES"
12,07576/2020-CR,Al Archivo,22/04/2021,LEY DE REFORMA CONSTITUCIONAL QUE MODIFICA EL ARTÍCULO 179 DE LA CONSTITUCIÓN DE 1993 PARA GARANTIZAR EL PLENO DERECHO DE REPRESENTATIVIDAD E IGUALDAD ENTRE ABOGADOS ANTE EL JURADO NACIONA LDE ELECCIONES
13,07509/2020-CR,Al Archivo,15/04/2021,LEY DE REFORMA CONSTITUCIONAL QUE ELIMINA EL EJERCICIO DE MINISTRO DE ESTADO DURANTE EL DESEMPEÑO DE CONGRESISTA DE LA REPÚBLICA
14,07503/2020-CR,Al Archivo,14/04/2021,LEY DE REFORMA CONSTITUCIONAL QUE MODIFICA EL ARTÍCULO 113 DE LA CONSTITUCIÓN POLÍTICA DEL PERÚ REFERENTE A LAS CAUSALES DE VACANCIA AL CARGO DE PRESIDENTE DE LA REPÚBLICA
15,07451/2020-CR,Aprobado,05/04/2021,LEY DE REFORMA CONSTITUCIONAL QUE FACILITA AL CONTRALOR GENERAL SOLICITAR EL LEVANTAMIENTO DEL SECRETO BANCARIO Y DE LA RESERVA TRIBUTARIA Y BURSÁTIL EN EL MARCO DEL CONTROL GUBERNAMENTAL
16,07426/2020-CR,Al Archivo,29/03/2021,LEY DE REFORMA CONSTITUCIONAL DE CONVOCATORIA A UN REFERÉNDUM PARA ELEGIR A UNA ASAMBLEA CONSTITUYENTE
17,07423/2020-CR,Al Archivo,29/03/2021,LEY DE REFORMA CONSTITUCIONAL QUE MODIFICA EL ARTÍCULO 179 DE LA CONSTITUCIÓN POLÍTICA DEL PERÚ PARA LA JUNTA DE DECANOS DE LOS COLEGIOS DE ABOGADOS DEL PERÚ ELIJA A UN MIEMBRO DEL PLENO DEL JURADO NACIONAL DE ELECCIONES
18,07416/2020-CP,Al Archivo,26/03/2021,LEY DE REFORMA CONSTITUCIONAL QUE MODIFICA EL ARTÍCULO 179 NUMERAL 3-ELECCIÓN DEL REPRESENTANTE DE LOS ABOGADOS AL JURADO NACIONAL DE ELECCIONES
19,07392/2020-CR,Al Archivo,22/03/2021,LEY DE REFORMA CONSTITUCIONAL PARA QUE LOS COLEGIOS DE ABOGADOS DEL PERÚ ELIJAN DEMOCRÁTICAMENTE AL MIEMBRO DEL JURADO NACIONAL DE ELECCIONES
20,07299/2020-CR,Al Archivo,09/03/2021,LEY DE REFORMA CONSTITUCIONAL QUE MODIFICA CAUSAL DE VACANCIA PRESIDENCIAL
21,07271/2020-CR,Publicado El Peruano,04/03/2021,LEY DE REFORMA AL CÓDIGO PROCESAL CONSTITUCIONAL
22,07165/2020-CR,Al Archivo,17/02/2021,LEY DE REFORMA CONSTITUCIONAL QUE APRUEBA LA CONVOCATORIA DE REFERÉNDUM PARA LA ELECCIÓN DE UNA ASAMBLEA CONSTITUYENTE
23,07162/2020-CR,Publicado El Peruano,17/02/2021,RESOLUCIÓN LEGISLATIVA QUE MODIFICA EL REGLAMENTO DEL CONGRESO DE LA REPÚBLICA Y ELIMINA LA INMUNIDAD PARLAMENTARIA
24,07133/2020-CR,Publicado El Peruano,15/02/2021,"LEY QUE MODIFICA LOS ARTÍCULOS 452 Y 453 DEL NUEVO CÓDIGO PROCESAL PÉNAL PARA ADECUARLO A LA LEY 31118 """"LEY DE REFORMA CONSTITUCIONAL QUE ELIMINA LA INMUNIDAD PARLAMENTARIA"
25,07118/2020-CR,Al Archivo,11/02/2021,"LEY DE REFORMA CONSTITUCIONAL, QUE MODIFICA EL ARTÍCULO 80 DE LA CONSTITUCIÓN POLÍTICA DEL PERÚ"
26,07081/2020-CR,Publicado El Peruano,10/02/2021,"RESOLUCIÓN LEGISLATIVA DEL CONGRESO QUE MODIFICA, ADECÚA EL REGLAMENTO DEL CONGRESO DE LA REPÚBLICA A LA LEY 31118, """"LEY DE REFORMA CONSTITUCIONAL QUE ELIMINA LA INMUNIDAD PARLAMENTARIA"
27,07037/2020-CR,Al Archivo,04/02/2021,LEY DE REFORMA CONSTITUCIONAL MEDIANTE LA MODIFICACIÓN DEL ARTÍCULO 65 DE LA CONSTITUCIÓN POLÍTICA PARA LA REGULACIÓN DE PRECIOS DE BIENES Y SERVICIOS POR EL ESTADO EN ESTADOS DE EXCEPCIÓN
28,06995/2020-CR,Al Archivo,01/02/2021,LEY DE REFORMA CONSTITUCIONAL QUE INCORPORA EL DERECHO A RELACIONARSE DIGITALMENTE CON EL ESTADO
29,06964/2020-CR,Al Archivo,19/01/2021,LEY DE REFORMA CONSTITUCIONAL QUE APRUEBA LA CONVOCATORIA DE REFERÉNDUM PARA LA ELECCIÓN DE UNA ASAMBLEA CONSTITUYENTE
30,06919/2020-CR,Presentado,13/01/2021,LEY DE REFORMA CONSTITUCIONAL QUE RECONOCE AL INDECOPI COMO ÓRGANO CONSTITUCIONALMENTE AUTÓNOMO
31,06872/2020-CR,Al Archivo,29/12/2020,LEY DE REFORMA CONSTITUCIONAL QUE MODIFICA EL ARTÍCULO 62 DE LA CONSTITUCIÓN POLÍTICA DEL PERU
32,06866/2020-CR,Al Archivo,28/12/2020,"LEY DE REFORMA CONSTITUCIONAL DE LOS ARTÍCULOS 191 Y 194 DE LA CONSTITUCIÓN POLÍTICA DEL PERÚ, QUE ELIMINA EXCEPCIONES A LA IRRENUNCIABILIDAD AL MANDATO DE LAS AUTORIDADES REGIONALES Y LOCALES"
33,06804/2020-CR,Al Archivo,15/12/2020,"LEY DE REFORMA CONSTITUCIONAL QUE MODIFICA EL ARTÍCULO 99, Y ESTABLECE EL PERIODO TEMPORAL DE PERMANENCIA EN TERRITORIO PERUANO DE LOS EX PRESIDENTES DE LA REPÚBLICA"
34,06793/2020-CR,Al Archivo,12/12/2020,LEY DE REFORMA CONSTITUCIONAL QUE CONSAGRA EL DERECHO FUNDAMENTAL A PARTICIPAR EN LA ELABORACIÓN DE LAS POLÍTICAS PÚBLICAS EN MATERIA DE SALUD Y EL DERECHO FUNDAMENTAL AL ACCESO A TECNOLOGÍAS SANITARIAS
35,06761/2020-CR,Publicado El Peruano,09/12/2020,LEY DE REFORMA CONSTITUCIONAL QUE INCENTIVA LA COBERTURA DE SERVICIOS DE SALUD POR PERSONAL MÉDICO EN SITUACIÓN DE PANDEMIA
36,06758/2020-CR,Publicado El Peruano,09/12/2020,LEY QUE MODIFICA EL ARTÍCULO 93 DE LA CONSTITUCIÓN POLÍTICA DEL PERÚ
37,06749/2020-CR,Al Archivo,09/12/2020,"LEY DE REFORMA CONSTITUCIONAL QUE MODIFICA EL ARTÍCULO 113 INCISO 2, DE LA CONSTITUCIÓN POLÍTICA DEL PERÚ"
38,06742/2020-CR,Al Archivo,04/12/2020,LEY DE REFORMA CONTITUCIONAL QUE ESTABLECE LA PENA DE MUERTE PARA LOS DELITOS DE VIOLACIÓN SEXUAL CONTRA MENORES DE EDAD
39,06738/2020-CR,Al Archivo,04/12/2020,"LEY DE REFORMA CONSTITUCIONAL QUE MODIFICA EL ARTÍCULO 194, RECONOCIENDO A LAS MUNICIPALIDADES DE CENTROS POBLADOS COMO ÓRGANOS DE GOBIERNO LOCAL"
40,06712/2020-CR,Publicado El Peruano,01/12/2020,LEY DE REFORMA CONSTITUCIONAL QUE ELIMINA LA INMUNIDAD PARLAMENTARIA
41,06648/2020-CR,Publicado El Peruano,17/11/2020,LEY DE REFORMA CONSTITUCIONAL QUE ELIMINA LA INMUNIDAD DE ALTOS FUNCIONARIOS Y REDUCE LA PROHIBICIÓN DE PROCESAMIENTO DEL PRESIDENTE DE LA REPÚBLICA
42,06630/2020-CR,Al Archivo,09/11/2020,LEY DE REFORMA CONSTITUCIONAL QUE MODIFICA EL ARTÍCULO 39 DE LA CONSTITUCIÓN DEL ESTADO
43,06577/2020-CR,Al Archivo,02/11/2020,"LEY DE REFORMA CONSTITUCIONAL QUE MODIFICA LOS ARTÍCULOS 2, NUMERAL 5, 38, 74 Y 79 DE LA CONSTITUCIÓN POLÍTICA DEL PERÚ"
44,06558/2020-CR,Aprobado,27/10/2020,LEY DE REFORMA CONSTITUCIONAL QUE MODIFICA LOS ARTÍCULOS 99 Y 191 DE LA CONSTITUCIÓN POLÍTICA DEL PERÚ CON LA FIONALIDAD DE INSTAURAR EL JUICIO DE RESIDENCIA PARA EL PRESIDENTE DE LA REPÚBLICA Y GOBERNADOR REGIONAL
45,06509/2020-CR,Aprobado,21/10/2020,"LEY DE REFORMA DE LOS ARTÍCULOS 117 Y 191 DE LA CONSTITUCIÓN POLÍTICA DEL PERÚ, CON LA FINALIDAD INSTAURAR EL RÉGIMEN DE RESIDENCIA TEMPORAL PARA LOS EX PRESIDENTES DE LA REPÚBLICA Y EX GOBERNADORES REGIONALES"
46,06497/2020-CR,Al Archivo,20/10/2020,LEY DE REFORMA CONSTITUCIONAL QUE REINSTAURA LA BICAMERALIDAD COMO ESTRUCTURA DEL CONGRESO DELA REPÚBLICA
47,06404/2020-CR,Al Archivo,08/10/2020,"LEY DE REFORMA CONSTITUCIONAL QUE REFORMA LOS ARTÍCULOS 130, 132, 133, 134 DE LA CONSTITUCIÓN POLÍTICA DEL PERÚ"
48,06402/2020-CR,Dictamen,08/10/2020,LEY DE REFORMA CONSTITUCIONAL QUE CREA LA PROCURADURÍA GENERAL DEL ESTADO COMO ORGANISMO CONSTITUCIONAL AUTÓNOMO
49,06367/2020-CR,Al Archivo,06/10/2020,LEY DE REFORMA CONSTITUCIONAL QUE ESTABLECE UN SISTEMA ÚNICO DE SALUD PÚBLICA
50,06348/2020-CR,Aprobado,02/10/2020,LEY QUE REGULA LAS LIMITACIONES DEL PRESIDENTE DE LA REPÚBLICA AL CONCLUIR SU MANDATO
51,06281/2020-CR,Al Archivo,28/09/2020,LEY DE REFORMA CONSTITUCIONAL QUE ESTABLECE LA BICAMERALIDAD EN EL CONGRESO DE LA REPÚBLICA
52,06183/2020-CR,Al Archivo,10/09/2020,LEY DE REFORMA CONSTITUCIONAL QUE INCORPORA EL PÁRRAFO SEGUNDO AL ARTÍCULO 58 DE LA CONSTITUCIÓN POLÍTICA DEL PERÚ
53,06176/2020-CR,Dictamen,09/09/2020,LEY DE REFORMA CONSTITUCIONAL QUE CREA LA PROCURADURÍA GENERAL DE LA REPÚBLICA MEDIANTE LA MODIFICACIÓN DEL ARTÍCULO 47 DE LA CONSTITUCIÓN POLÍTICA DEL PERÚ
54,06132/2020-CR,Al Archivo,04/09/2020,LEY DE REFORMA CONSTITUCIONAL QUE RESTITUYE LA BICAMERALIDAD DEL CONGRESO DE LA REPÚBLICA
55,06123/2020-CR,Al Archivo,03/09/2020,LEY DE REFORMA CONSTITUCIONAL PARA RESTABLECER LA BICAMERALIDAD EN EL CONGRESO DE LA REPÚBLICA DEL PERÚ
56,06112/2020-CR,Al Archivo,02/09/2020,LEY DE REFORMA CONSTITUCIONAL QUE MODIFICA EL ARTÍCULO 31 DE LA CONSTITUCIÓN POLÍTICA DEL PERÚ DE 1993 E INCORPORA EL DERECHO FUNDAMENTAL A LA PROTESTA
57,06094/2020-CR,Publicado El Peruano,31/08/2020,"LEY QUE MODIFICA LOS ARTÍCULOS 7, 9, 11 Y 40 DE LA CONSTITUCIÓN POLÍTICA DEL PERÚ EN MATERIA DE SALUD"
58,06024/2020-CR,Publicado El Peruano,20/08/2020,LEY DE REFORMA CONSTITUCIONAL QUE HABILITA LA DOBLE PERCEPCIÓN DE INGRESOS DEL PERSONAL PÚBLICO DE MANERA EXCEPCIONAL DURANTE LA DECLARACIÓN DE UN ESTADO DE EXCEPCIÓN
59,05858/2020-CR,Aprobado,24/07/2020,"LEY QUE MODIFICA EL ARTÍCULO 21 DE LA CONSTITUCIÓN POLÍTICA DEL PERÚ, PROTECCIÓN CONSTITUCIONAL DEL PATRIMONIO CULTURAL"
60,05849/2020-CR,Publicado El Peruano,23/07/2020,LEY DE REFORMA CONSTITUCIONAL QUE MODIFICA LA INMUNIDAD PARLAMENTARIA
61,05847/2020-CR,Al Archivo,23/07/2020,LEY DE REFORMA CONSTITUCIONAL QUE MODIFICA EL RÉGIMEN ECONÓMICO DE LA CONSTITUCIÓN ELIMINANDO EL CARÁCTER SUBSIDIARIO DEL ESTADO EN LA ACTIVIDAD ECONÓMICA A FIN DE FORTALECER LA RECUPERACIÓN DE LOS RECURSOS NATURALES ESTRATÉGICOS AL SERVICIO DE LA NACIÓN
62,05843/2020-CR,Al Archivo,23/07/2020,LEY QUE RECONOCE EL DERECHO AL ACCESO A INTERNET COMO DERECHO CONSTITUCIONAL
63,05839/2020-CR,Presentado,22/07/2020,LEY DE REFORMA CONSTITUCICONAL SOBRE LA INCORPORACIÓN DEL DERECHO FUNDAMENTAL A LA VIVIENDA DIGNA
64,05829/2020-CR,Aprobado,22/07/2020,"LEY QUE MODIFICA EL NUMERAL 5 DEL ARTÍCULO 143 DE LA LEY 26702, LEY GENERAL DEL SISTEMA FINANCIERO Y DEL SISTEMA DE SEGUROS Y ORGÁNICA DE LA SUPERINTENDENCIA DE BANCA Y SEGUROS, E INCORPORA EL LITERAL J) AL ARTÍCULO 85 DEL TEXTO ÚNICO ORDENADO DEL CÓDIGO TRIBUTARIO APROBADO POR DECRETO SUPREMO 133-2013-EF"
65,05777/2020-CR,Al Archivo,16/07/2020,LEY DE REFORMA CONSTITUCIONAL QUE MODIFICA EL ARTÍCULO 122 DE LA CONSTITUCIÓN POLÍTICA DEL PERÚ Y ESTABLECE LA PARIDAD DE GÉNERO
66,05766/2020-CR,Al Archivo,13/07/2020,LEY DE REFORMA CONSTITUCIONAL QUE MODIFICA EL ARTÍCULO 60 DE LA CONSTITUCIÓN POLÍTICA DEL ESTADO
67,05750/2020-CR,Al Archivo,10/07/2020,LEY DE REFORMA CONSTITUCIONAL QUE ESTABLECE EL DERECHO DE PROPIEDAD SOBRE EL SUBSUELO Y LA PARTICIPACIÓN ECONÓMICA EN CASO DE ENCONTRARSE RECURSOS NATURALES
68,05709/2020-CR,Al Archivo,06/07/2020,"LEY DE REFORMA CONSTITUCIONAL QUE MODIFICA EL CAPÍTULO I, PRINCIPIOS GENERALES, DEL TÍTULO III, DEL RÉGIMEN ECONÓMICO DE LA CONSTITUCIÓN POLÍTICA DEL PERÚ DE 1993"
69,05702/2020-CR,Al Archivo,03/07/2020,LEY DE REFORMA CONSTITUCIONAL DEL ARTÍCULO 88 DE LA CONSTITUCIÓN POLÍTICA DEL PERÚ
70,05698/2020-CR,Al Archivo,03/07/2020,LEY DE REFORMA CONSTITUCIONAL PARA ELEGIR AL CONTRALOR GENERAL DE LA REPÚBLICA Y CREAR EL CARGO DEL CONTRALOR PÚBLICO REGIONAL
71,05667/2020-CR,Al Archivo,01/07/2020,LEY DE REFORMA CONSTITUCIONAL QUE PROPONE LA REFORMA TOTAL DE LA CONSTITUCIÓN VÍA ASAMBLEA CONSTITUYENTE
72,05661/2020-CR,Al Archivo,30/06/2020,LEY DE REFORMA CONSTITUCIONAL QUE MODIFICA EL ARTÍCULO 61 DE LA CONSTITUCIÓN
73,05657/2020-CR,Al Archivo,30/06/2020,LEY DE REFORMA CONSTITUCIONAL QUE MODIFICA EL ARTÍCULO 122 DE LA CONSTITUCIÓN POLÍTICA DEL PERÚ QUE ESTABLECE PARTICIPACIÓN DE LAS MUJERES EN LA COMPOSICIÓN DEL CONSEJO DE MINISTROS
74,05643/2020-CR,Aprobado,26/06/2020,"LEY QUE ESTABLECE EL LEVANTAMIENTO DEL SECRETO BANCARIO, RESERVA TRIBUTARIA Y BURSÁTIL PARA LOS FUNCIONARIOS Y SERVIDORES PÚBLICOS, Y DE LAS EMPRESAS BAJO EL RÉGIMEN DEL FONAFE"
75,05618/2020-CR,Al Archivo,25/06/2020,LEY DE REFORMA CONSTITUCIONAL QUE MODIFICA EL ARTÍCULO 19 DE LA CONSTITUCIÓN POLÍTICA DEL PERÚ SOBRE EL RÉGIMEN TRIBUTARIO DE LAS INSTITUCIONES EDUCATIVAS
76,05616/2020-CR,Al Archivo,25/06/2020,LEY DE REFORMA CONSTITUCIONAL QUE ESTABLECE LÍMITES AL PRESIDENTE DE LA REPÚBLICA PARA PRORROGAR ESTADOS DE EMERGENCIA QUE LIMITEN LA ACTIVIDAD LABORAL Y EMPRESARIAL
77,05608/2020-CR,Al Archivo,24/06/2020,LEY DE REFORMA CONSTITUCIONAL QUE ESTABLECE EL DERECHO A LA ALIMENTACIÓN Y LA SEGURIDAD ALIMENTARIA
78,05603/2020-CR,Al Archivo,24/06/2020,LEY DE REFORMA DEL RÉGIMEN ECONÓMICO CONSTITUCIONAL Y ELIMINACIÓN DEL TRATAMIENTO CONSTITUCIONAL DE LOS CONTRATOS LEY
79,05600/2020-CR,Al Archivo,24/06/2020,LEY QUE RECONOCE EL DERECHO DE ACCESO A INTERNET PARA GARANTIZAR UNA EDUCACIÓN Y ALFABETIZACIÓN ACCESIBLE PARA TODAS LAS PERUANAS Y PERUANOS
80,05584/2020-CR,Al Archivo,23/06/2020,LEY DE REFORMA CONSTITUCIONAL QUE MODIFICA EL ARTÍCULO 62 DE LA CONSTITUCIÓN POLÍTICA DEL ESTADO
81,05566/2020-CR,Al Archivo,19/06/2020,LEY DE REFORMA CONSTITUCIONAL QUE MODIFICA EL ARTÍCULO 93 DE LA CONSTITUCIÓN POLÍTICA DEL PERÚ PARA ELIMINAR LA INMUNIDAD PARLAMENTARIA
82,05537/2020-CR,Al Archivo,16/06/2020,LEY DE REFORMA DEL ARTÍCULO 19 DE LA CONSTITUCIÓN POLÍTICA DEL PERÚ
83,05513/2020-CR,Al Archivo,15/06/2020,LEY DE REFORMA CONSTITUCIONAL QUE MODIFICA EL ARTÍCULO 41 DE LA CONSTITUCIÓN PARA DETERMINAR LA OBLIGATORIEDAD DE PRESENTACIÓN DE LAS DECLARACIONES JURADAS DE INTERESES Y LA IMPRESCRIPTIBILIDAD DE LA ACCIÓN PENAL CONTRA DELITOS DE CORRUPCIÓN
84,05509/2020-CR,Publicado El Peruano,15/06/2020,LEY QUE MODIFICA EL ARTÍCULO 16 DE LA CONSTITUCIÓN POLÍTICA DEL PERÚ CON EL FIN DE FORTALECER EL SECTOR EDUCACIÓN
85,05504/2020-CR,Al Archivo,12/06/2020,REFORMA CONSTITUCIONAL QUE MODIFICA EL ARTÍCULO 62 DE LA CONSTITUCIÓN POLÍTICA DEL PERÚ
86,05497/2020-CR,Al Archivo,12/06/2020,"LEY DE REFORMA CONSTITUCIONAL QUE PROPONE MODIFICAR EL RÉGIMEN ECONÓMICO DE LA CONSTITUCIÓN A FIN DE PROHIBIR MONOPOLIOS, OLIGOPOLIOS Y EL ACAPARAMIENTO PRIVADO EN EL MERCADO"
87,05496/2020-CR,Publicado El Peruano,11/06/2020,LEY DE REFORMA CONSTITUCIONAL QUE MODIFICA EL ARTÍCULO 34 Y 39 DE LA CONSTITUCIÓN SOBRE IMPEDIMENTOS PARA SER CANDIDATO Y EJERCER LA FUNCIÓN PÚBLICA
88,05492/2020-CR,Al Archivo,11/06/2020,"LEY DE REFORMA CONSTITUCIONAL QUE INCORPORA LOS ARTÍCULOS 61, 62 Y NUMERAL 2 DEL ARTÍCULO 137 DE LA CONSTITUCIÓN POLÍTICA, INCORPORANDO LA MEDIDA DE EXCEPCIÓN EN ÁREAS DE PROMOCIÓN DE LA SALUD, LIMITANDO LA LIBRE COMPETENCIA CUANDO SE DECLARE EMERGENCIA SANITARIA A CONSECUENCIA DE LA PANDEMIA Y/O DESASTRES NATURALES Y LA EXCEPCIÓN EN LOS CONTRATOS"
89,05477/2020-CR,Al Archivo,10/06/2020,LEY QUE AGILIZA EL PROCEDIMIENTO PARA EL LEVANTAMIENTO DE LA INMUNIDAD PARLAMENTARIA
90,05476/2020-CR,Al Archivo,10/06/2020,LEY DE REFORMA CONSTITUCIONAL QUE MODIFICA EL ARTÍCULO 93 DE LA CONSTITUCIÓN
91,05467/2020-CR,Al Archivo,08/06/2020,"LEY QUE REFORMA EL RÉGIMEN ECONÓMICO CONSTITUCIONAL QUE REFUERZA LA ACTIVIDAD PLANIFICADORA Y PROMOTORA DEL ESTADO, ELIMINANDO LOS CONTRATOS LEY"
92,05440/2020-CR,Al Archivo,04/06/2020,LEY DE REFORMA CONSTITUCIONAL QUE ESTABLECE SANCIÓN DE NULIDAD DE LOS CONTRATOS CELEBRADOS POR EL ESTADO AFECTADOS POR CORRUPCIÓN
93,05405/2020-CR,Al Archivo,02/06/2020,LEY DE REFORMA CONSTITUCIONAL Y CREA EL SISTEMA UNIVERSAL DE PENSIONES
94,05348/2020-CR,Al Archivo,25/05/2020,"LEY DE REFORMA CONSTITUCIONAL QUE MODIFICA EL ARTÍCULO 93 DE LA CONSTITUCIÓN POLÍTICA DEL PERÚ, RESPECTO QUE LA INMUNIDAD PARLAMENTARIA SOLO RESULTA APLICABLE EN EL EJERCICIO DE LA FUNCIÓN LEGISLATIVA, REPRESENTATIVA Y FISCALIZACIÓN O CONTROL POLÍTICO"
95,05330/2020-CR,Publicado El Peruano,22/05/2020,LEY DE REFORMA CONSTITUCIONAL SOBRE LA INMUNIDAD PARLAMENTARIA DE LOS CONGRESISTAS ELECTOS
96,05319/2020-CR,Al Archivo,21/05/2020,LEY DE ELIMINACIÓN DE LA INMUNIDAD PARLAMENTARIA Y LA DE ALTOS FUNCIONARIOS DEL ESTADO
97,05310/2020-CR,Publicado El Peruano,21/05/2020,LEY DE REFORMA CONSTITUCIONAL QUE MODIFICA LA INMUNIDAD PARLAMENTARIA
98,05308/2020-CR,Publicado El Peruano,21/05/2020,LEY DE REFORMA CONSTITUCIONAL SOBRE EL ABUSO DE LA LIBRE COMPETENCIA PARA EVITAR ESPECULACIÓN Y ACAPARAMIENTO DE PRODUCTOS EN TIEMPO DE PANDEMIA O CATÁSTROFE NATURAL Y PROYECTO DE LEY DE DESARROLLO CONSTITUCIONAL
99,05305/2020-CR,Publicado El Peruano,21/05/2020,"LEY DE REFORMA CONSTITUCIONAL QUE ESTABLECE EL VOTO FACULTATIVO PARA PERSONAS MAYORES DE 60 AÑOS, PACIENTES CON COVID-19 Y PERSONAS CON RIESGO DE CONTAGIO POR COVID-19"
100,05264/2020-CR,Al Archivo,18/05/2020,LEY DE REFORMA CONSTITUCIONAL QUE MODIFICA EL ARTÍCULO 137 DE LA C ONSTITUCIÓN POLÍTICA DEL ESTADO
101,05259/2020-CR,Publicado El Peruano,18/05/2020,LEY QUE REFORMA EL ARTÍCULO 7 DE LA CONSTITUCIÓN POLÍTICA DEL ESTADO
102,05254/2020-CR,Publicado El Peruano,18/05/2020,LEY DE REFORMA CONSTITUCIONAL QUE ELIMINA LA INMUNIDAD PARLAMENTARIA
103,05249/2020-CR,Presentado,18/05/2020,LEY DE REFORMA CONSTITUCIONAL QUE INCORPORA EL DERECHO A LA VIVIENDA DIGNA Y ADECUADA Y EL DERECHO A LA CIUDAD SOSTENIBLE PARA EL BUEN VIVIR COMO DERECHOS FUNDAMENTALES
104,05243/2020-CR,Al Archivo,18/05/2020,LEY DE REFORMA CONSTITUCIONAL QUE MODIFICA EL ARTÍCULO 93 DE LA CONSTITUCIÓN POLÍTICA DEL PERÚ CON LA FINALIDAD DE REGULAR LA INMUNIDAD PARLAMENTARIA
105,05216/2020-CR,Publicado El Peruano,15/05/2020,LEY DE REFORMA CONSTITUCIONAL QUE MODIFICA LOS ARTÍCULOS 9 Y 11 DE LA CONSTITUCIÓN POLÍTICA DEL PERÚ PARA GARANTIZAR EL DERECHO FUNDAMENTAL A LA SALUD
106,05198/2020-CR,Al Archivo,15/05/2020,LEY DE REFORMA CONSTITUCIONAL QUE ESTABLECE UN NUEVO SISTEMA PREVISIONAL ELIMINANDO EL ACTUAL SISTEMA ADMINISTRATIVO POR LA ONP Y LAS AFPs
107,05164/2020-CR,Publicado El Peruano,12/05/2020,LEY DE REFORMA DE LA CONSTITUCIÓN QUE HABILITA LA DOBLE PERCEPCIÓN DEL MÉDICO ESPECIALISTA EN EL ÁMBITO NACIONAL POR NECESIDAD PÚBLICA
108,05155/2020-CR,Al Archivo,11/05/2020,"LEY DE REFORMA CONSTITUCIONAL QUE MODIFICA EL ARTÍCULO 93 DE LA CONSTITUCIÓN POLÍTICA, ELIMINANDO LA INMUNIDAD PARLAMENTARIA"
109,05133/2020-CR,Al Archivo,06/05/2020,LEY DE REFORMA CONSTITUCIONAL QUE CREA EL CONSEJO DE ESTADO
110,05099/2020-CR,Al Archivo,30/04/2020,LEY DE REFORMA CONSTITUCIONAL QUE ESTABLECE EL TIEMPO MÁXIMO DE LA JORNADA LABORAL
111,05084/2020-CR,Publicado El Peruano,27/04/2020,"LEY QUE MODIFICA LOS ARTÍCULOS 40° DE LA CONSTITUCIÓN POLÍTICA DEL PERÚ, EL 3° DE LA LEY N° 28175, LEY MARCO DEL EMPLEO PÚBLICO Y 38° DE LA LEY N° 30057,LEY DEL SERVICIO CIVIL"
112,05066/2020-CR,Publicado El Peruano,24/04/2020,LEY QUE REFORMA EL ARTÍCULO 93 DE LA CONSTITUCIÓN POLÍTICA DEL ESTADO ELIMINANDO LA INMUNIDAD PARLAMENTARIA
113,05021/2020-CR,Publicado El Peruano,15/04/2020,LEY QUE MODIFICA EL ARTÍCULO 40 DE LA CONSTITUCIÓN POLÍTICA DEL PERÚ
114,05017/2020-CR,Publicado El Peruano,06/04/2020,LEY DE REFORMA CONSTITUCIONAL QUE MODIFICA EL ARTÍCULO 40 DE LA CONSTITUCIÓN POLÍTICA DEL ESTADO
115,05011/2020-CR,Publicado El Peruano,03/04/2020,LEY DE REFORMA CONSTITUCIONAL PARA ESTABLECER IMPEDIMENTOS PARA EL ACCESO Y EJERCICIO DE LA FUNCIÓN PÚBLICA
116,04961/2020-CR,Al Archivo,30/03/2020,LEY DE REFORMA CONSTITUCIONAL PARA LA APLICACIÓN DE LA PENA DE MUERTE A VIOLADORES DE MENORES DE EDAD
117,04939/2020-CR,Publicado El Peruano,26/03/2020,LEY DE REFORMA CONSTITUCIONAL QUE MODIFICA EL ARTÍCULO 93 DE LA CONSTITUCIÓN
118,04916/2020-CR,Publicado El Peruano,26/03/2020,RESOLUCIÓN LEGISLATIVA DEL CONGRESO QUE INCORPORA EL ARTÍCULO 51-A DEL REGLAMENTO DEL CONGRESO DE LA REPÚBLICA PARA SESIONAR Y VOTAR PROYECTOS DE LEY Y DE REFORMA CONSTITUCIONAL POR MEDIOS TELEMÁTICOS
119,04882/2020-CR,Publicado El Peruano,24/03/2020,LEY DE REFORMA CONSTITUCIONAL QUE REGULA Y PRECISA LA INMUNIDAD PARLAMENTARIA
120,04860/2020-CR,Publicado El Peruano,18/03/2020,LEY DE REFORMA CONSTITUCIONAL QUE ELIMINA LA INMUNIDAD PARLAMENTARIA Y EL ANTEJUICIO POLÍTICO
121,04859/2020-CR,Al Archivo,18/03/2020,"LEY DE REFORMA CONSTITUCIONAL QUE MODIFICA EL ARTÍCULO 95 DE LA CONSTITUCIÓN POLÍTICA DE 1993, PARA PERMITIR LA RENUNCIA Y REVOCATORIA DEL CARGO DE CONGRESISTA DE LA REPÚBLICA"
122,04855/2020-CR,Publicado El Peruano,17/03/2020,LEY DE REFORMA CONSTITUCIONAL QUE MODIFICA EL ARTÍCULO 93° DE LA CONSTITUCIÓN POLÍTICA DEL PERÚ PARA ELIMINAR LA INMUNIDAD PARLAMENTARIA
123,04853/2020-CR,Publicado El Peruano,17/03/2020,LEY DE REFORMA CONSTITUCIONAL PARA IMPEDIR QUE PERSONAS SENTENCIADAS POSTULEN A CARGOS PÚBLICOS
124,04852/2020-CR,Al Archivo,17/03/2020,LEY DE REFORMA CONSTITUCIONAL QUE FACULTA A LAS FUERZAS ARMADAS APOYAR A LA POLICÍA NACIONAL EN LA LUCHA CONTRA LA DELINCUENCIA Y LA CRIMINALIDAD
125,04849/2019-CR,Al Archivo,30/09/2019,"LEY DE REFORMA CONSTITUCIONAL, QUE ESTABLECE LA DISOLUCIÓN DEL CONGRESO Y PROMUEVE LA CONVOCATORIA A ELECCIONES GENERALES ANTICIPADAS"
126,04783/2019-CR,Al Archivo,12/09/2019,"LEY DE REFORMA CONSTITUCIONAL QUE MODIFICA EL ARTÍCULO 43, ARTÍCULO 50 DE LA CONSTITUCIÓN POLÍTICA DEL PERÚ E INCORPORA LA DENOMINACIÓN DE LAICO AL ESTADO PERUANO"
127,04769/2019-CR,Al Archivo,11/09/2019,LEY DE REFORMA CONSTITUCIONAL QUE INCORPORA LA REVOCATORIA Y RENOVACIÓN POR MITADES DE LOS CONGRESISTAS DE LA REPÚBLICA
128,04764/2019-CR,Al Archivo,10/09/2019,"LEY QUE DEROGA EL INCISO E) DEL ARTÍCULO 2, INCISO G) DEL ARTÍCULO 6, DE LA LEY 30942, LEY QUE CREA EL CONSEJO PARA LA REFORMA DEL SISTEMA NACIONAL DE JUSTICIA"
129,04657/2019-TC,Al Archivo,06/08/2019,"LEY QUE DEROGA EL ARTÍCULO 2, INCISO E), Y EL ARTÍCULO 6, INCISO G) DE LA LEY 30942, LEY QUE CREA EL CONSEJO PARA LA REFORMA DEL SISTEMA NACIONAL DE JUSTICIA"
130,04652/2019-CR,Al Archivo,06/08/2019,LEY DE REFORMA CONSTITUCIONAL PARA CONVOCAR A ELECCIONES GENERALES EN CASOS DE RENUNCIA O VACANCIA DEL PRESIDENTE DE LA REPÚBLICA
131,04651/2019-CR,Al Archivo,06/08/2019,LEY DE REFORMA CONSTITUCIONAL QUE MODIFICA EL ARTÍCULO 95 DE LA CONSTITUCIÓN POLÍTICA PARA HACER EFECTIVA LA RENUNCIABILIDAD DE LOS CONGRESISTAS DE LA REPÚBLICA
132,04637/2019-PE,Al Archivo,31/07/2019,LEY DE REFORMA CONSTITUCIONAL QUE PROHÍBE LA POSTULACIÓN DE QUIEN EJERCE LA PRESIDENCIA Y ADELANTA LAS ELECCIONES GENERALES
133,04587/2018-CR,Al Archivo,17/07/2019,LEY DE REFORMA CONSTITUCIONAL QUE MODIFICA LOS ALCANCES DEL REFERÉNDUM
134,04580/2018-CR,Orden del Día,11/07/2019,LEY DE REFORMA CONSTITUCIONAL QUE MODIFICA EL ARTÍCULO 93 DE LA CONSTITUCIÓN PARA GARANTIZAR LA IMPARCIALIDAD Y FORTALECIMIENTO DEL PROCEDIMIENTO DE LEVANTAMIENTO DE LA INMUNIDAD PARLAMENTARIA
135,04543/2018-CR,En comisión,09/07/2019,"LEY DE REFORMA CONSTITUCIONAL, QUE MODIFICA LOS ARTÍCULOS 31 Y 39 DE LA CONSTITUCIÓN SOBRE LAS LIMITACIONES A LA PARTICIPACIÓN POLÍTICA Y EJERCICIO DE LA FUNCIÓN PÚBLICA"
136,04534/2018-CR,Presentado,08/07/2019,"LEY QUE PRECISA EL CÁLCULO DEL BENEFICIO SOCIAL DE LA CTS DE LA LEY 29944, LEY DE REFORMA MAGISTERIAL A RAZON DEL TOTAL DE SU REMUNERACIÓN ÍNTEGRA MENSUAL POR AÑO, VIGENTE AL MOMENTO DE SU CESE"
137,04512/2018-CR,Publicado El Peruano,02/07/2019,"LEY QUE INCORPORA EL IMPEDIMENTO DE LOS PARIENTES HASTA EL SEGUNDO GRADO DE CONSAGUINIDAD Y DE AFINIDAD DE LOS VICEPRESIDENTES, GOBERNADORES, VICEGOBERNADORES Y ALCALDES PARA POSTULAR AL MISMO CARGO"
138,04495/2018-CR,Orden del Día,20/06/2019,REFORMA CONST. ART.93°/INMUNIDAD PARLAMENTARIA
139,04485/2018-CR,Al Archivo,14/06/2019,LEY DE REFORMA CONSTITUCIONAL SOBRE RENOVACIÓN PARCIAL DEL CONGRESO DE LA REPÚBLICA
140,04475/2018-CR,Publicado El Peruano,14/06/2019,LEY DE REFORMA CONSTITUCIONAL PARA REGULAR LA INMUNIDAD PARLAMENTARIA
141,04472/2018-CR,Al Archivo,14/06/2019,LEY DE REFORMA CONSTITUCIONAL QUE MODIFICA EL RÉGIMEN ECONÓMICO DE LA CONSTITUCIÓN
142,04463/2018-CR,Orden del Día,12/06/2019,LEY DE REFORMA CONSTITUCIONAL QUE MODIFICA EL ARTÍCULO 93 DE LA CONSTITUCIÓN POLÍTICA DEL PERÚ
143,04457/2018-CR,Retirado,12/06/2019,LEY DE REFORMA CONSTITUCIONAL QUE MODIFICA EL ARTÍCULO 93 DE LA CONSTITUCIÓN POLÍTICA DEL PERÚ SOBRE LA INMUNIDAD PARLAMENTARIA
144,04416/2018-PE,Orden del Día,04/06/2019,LEY DE REFORMA CONSTITUCIONAL QUE MODIFICA EL ARTÍCULO 93 DE LA CONSTITUCIÓN
145,04399/2018-CR,Publicado El Peruano,28/05/2019,LEY QUE MODIFICA EL ARTÍCULO 40 DE LA CONSTITUCIÓN POLÍTICA DEL PERÚ
146,04396/2018-CR,Publicado El Peruano,27/05/2019,LEY QUE MODIFICA EL PRIMER PÁRRAFO DEL ARTÍCULO 40 DE LA CONSTITUCIÓN POLÍTICA DEL PERÚ
147,04385/2018-CR,Orden del Día,24/05/2019,LEY DE REFORMA CONSTITUCIONAL QUE MODIFICA EL ARTÍCULO 93 DE LA CONSTITUCIÓN POLÍTICA DEL PERÚ PARA ELIMINAR LA INMUNIDAD PARLAMENTARIA A LOS CONGRESISTAS QUE CUENTAN CON PROCESOS PENDIENTES POR DELITOS COMETIDOS ANTES DE SU ELECCIÓN
148,04377/2018-CR,Al Archivo,23/05/2019,LEY DE REFORMA CONSTITUCIONAL QUE MODIFICA EL ARTÍCULO 4 DE LA CONSTITUCIÓN POLÍTICA DEL PERÚ Y ESTABLECE COMO DERECHO FUNDAMENTAL LA PROTECCIÓN Y CUIDADO DEL ADULTO MAYOR
149,04368/2018-CR,Al Archivo,22/05/2019,LEY DE REFEORMA CONSTITUCIONAL QUE ESTABLECE LOS IMPEDIMENTOS PARA POSTULAR AL CARGO DE PRESIDENTE DE LA REPÚBLICA
150,04365/2018-CR,Al Archivo,22/05/2019,LEY DE REFORMA CONSTITUCIONAL QUE MODIFICA EL ARTÍCULO 90 DE LA CONSTITUCIÓN POLÍTICA DEL PERÚ E INSTAURA EL RÉGIMEN BICAMERAL EN EL CONGRESO DE LA REPÚBLICA
151,04362/2018-CR,Al Archivo,21/05/2019,LEY DE REFORMA CONSTITUCIONAL QUE PRECISA ASPECTOS SOBRE EL EJERCICIO DEL CARGO DE PRESIDENTE Y VICEPRESIDENTE DE LA REPÚBLICA Y LA APLICACIÓN DE LA CUESTIÓN DE CONFIANZA
152,04320/2018-CR,Al Archivo,10/05/2019,"LEY DE REFORMA CONSTITUCIONAL DEL ARTÍCULO 7 DE LA CONSTITUCIÓN, QUE REGULA LOS DERECHOS DE LAS PERSONAS CON DISCAPACIDAAD"
153,04309/2018-CR,Presentado,09/05/2019,"LEY DE REFORMA CONSTITUCIONAL QUE MODIFICA EL ARTÍCULO 93 DE LA CONSTITUCIÓN POLÍTICA DEL PERÚ Y DEROGA EL ARTÍCULO 16 DEL REGLAMENTO DEL CONGRESO DE LA REPÚBLICA, ELIMINANDO LA INMUNIDAD PARLAMENTARIA"
154,04227/2018-CR,Al Archivo,16/04/2019,LEY DE REFORMA CONSTITUCIONAL PARA PROMOVER LA GOBERNABILIDAD
155,04223/2018-CR,Al Archivo,16/04/2019,LEY DE REFORMA CONSTITUCIONAL QUE ESTABLECE EL SISTEMA DE REPRESENTACIÓN EN EL PERÚ
156,04207/2018-CR,Retirado,11/04/2019,"LEY DE REFORMA CONSTITUCIONAL QUE MODIFICA EL ARTÍCULO 93 DE LA CONSTITUCIÓN POLÍTICA DEL PERÚ Y EL ARTÍCULO 16 DEL REGLAMENTO DEL CONGRESO DE LA REPÚBLICA, ELIMINANDO LA INMUNIDAD PARLAMENTARIA DE PROCESO"
157,04196/2018-PE,Al Archivo,10/04/2019,LEY DE REFORMA CONSTITUCIONAL QUE MODIFICA LOS ARTÍCULOS 191 Y 194 DE LA CONSTITUCIÓN SOBRE EL PERIODO DE MANDATO REGIONAL Y MUNCIPAL
158,04192/2018-PE,Al Archivo,10/04/2019,LEY DE REFORMA CONSTITUCIONAL QUE MODIFICA EL ARTÍCULO 93 DE LA CONSTITUCIÓN
159,04190/2018-PE,Al Archivo,10/04/2019,LEY DE REFORMA CONSTITUCIONAL QUE MODIFICA EL ARTÍCULO 34 DE LA CONSTITUCIÓN SOBRE IMPEDIMENTOS PARA SER CANDIDATO
160,04185/2018-PE,Al Archivo,10/04/2019,LEY DE REFORMA CONSTITUCIONAL PARA PROMOVER LA GOBERNABILIDAD Y FORTALECER LA DEMOCRACIA
161,04175/2018-CR,Presentado,10/04/2019,LEY DE REFORMA CONSTITUCIONAL QUE RECONOCE EL DERECHO DE LAS FAMILIAS AL ACCESO A UNA VIVIENDA ADECUADA
162,04131/2018-CR,Al Archivo,03/04/2019,"LEY DE REFORMA CONSTITUCIONAL QUE MODIFICA LOS ARTÍCULOS 191, 194 DE LA CONSTITUCIÓN POLÍTICA DEL PERÚ, AMPLIANDO EL PERÍODO DE MANDATO DE LAS AUTORIDADES REGIONALES Y LOCALES"
163,04085/2018-CR,Al Archivo,21/03/2019,LEY DE REFORMA CONSTITUCIONAL QUE PRECISA LOS ALCANCES DE LA INMUNIDAD PARLAMENTARIA
164,04057/2018-CR,Publicado El Peruano,19/03/2019,LEY DE REFORMA CONSTITUCIONAL QUE ESTABLECE EL VOTO VOLUNTARIO EN EL PERÚ
165,04015/2018-CR,Publicado El Peruano,08/03/2019,LEY QUE MODIFICA LA LEY DE ELECCIONES MUNICIPALES Y REGIONALES A FIN DE IMPEDIR A CONYUGUES Y PARIENTES DE LOS GOBERNADORES Y ALCALDES SALIENTES A POSTULAR COMO CANDIDATOS
166,03996/2018-CR,Al Archivo,07/03/2019,LEY DE REFORMA CONSTITUCIONAL PARA ESTABLECER LA BICAMERALIDAD DENTRO DE LA ESTRUCTURA DEL CONGRESO DE LA REPÚBLICA
167,03880/2018-CR,Publicado El Peruano,01/02/2019,LEY DE REFORMA CONSTITUCIONAL QUE MODIFICA EL ARTÍCULO 31 DE LA CONSTITUCIÓN POLÍTICA Y ESTABLECE EL VOTO FACULTATIVO
168,03808/2018-CR,Al Archivo,15/01/2019,LEY DE REFORMA CONSTITUCIONAL QUE ESTABLECE EL ROL DEL ESTADO COMO PROMOTOR DE LA ACTIVIDAD TURÍSTICA
169,03703/2018-CR,Al Archivo,05/12/2018,LEY DE REFORMA CONTITUCIONAL QUE ESTABLECE LOS IMPEDIMENTOS PARA POSTULAR AL CARGO DE GOBERNADOR REGIONAL
170,03702/2018-CR,Al Archivo,05/12/2018,LEY DE REFORMA CONSTITUCIONAL QUE ESTABLECE LOS IMPEDIMENTOS PARA POSTULAR AL CARGO DE ALCALDE PROVINCIAL Y DISTRITAL
171,03623/2018-CR,Al Archivo,12/11/2018,LEY DE REFORMA CONSTITUCIONAL QUE DISPONE LA CONVOCATORIA A ASAMBLEA CONSTITUYENTE Y ADELANTO DE ELECCIONES
172,03609/2018-CR,Presentado,07/11/2018,REFORMA CONSTITUCIONAL 7-B/EL DERECHO A UNA VIVIENDA DIGNA
173,03608/2018-CR,Al Archivo,07/11/2018,LEY DE REFORMA CONSTITUCIONAL Y LEGISLATIVA PARA AMPLIAR EL PERÍODO DE MANDATO EN LOS GOBIERNOS REGIONALES Y LOCALES
174,03607/2018-CR,Presentado,06/11/2018,LEY DE REFORMA CONSTITUCIONAL QUE GARANTIZA EL DERECHO DE ACCESO A UN INTERNET LIBRE Y ABIERTO
175,03526/2018-CR,Al Archivo,09/10/2018,LEY DE REFORMA CONSTITUCIONAL QUE MODIFICA EL ARTÍCULO 7 DE LA CONSTITUCIÓN POLÍTICA PARA PROMOVER LOS DERECHOS DE LAS PERSONAS CON DISCAPACIDAD
176,03498/2018-CR,Al Archivo,04/10/2018,LEY DE REFORMA CONSTITUCIONAL QUE DEMOCRATIZA Y LEGITIMA LA ELECCIÓN DEL FISCAL DE LA NACIÓN
177,03497/2018-CR,Al Archivo,04/10/2018,"LEY DE REFORMA CONSTITUCIONAL DEL ARTÍCULO 158 DE LA CONSTITUCIÓN POLÍTICA, QUE REGULA LA ELECCIÓN DEL FISCAL DE LA NACIÓN"
178,03490/2018-CR,Al Archivo,04/10/2018,"LEY DE REFORMA CONSTITUCIONAL QUE MODIFICA EL ARTÍCULO 31 DE LA CONSTITUCIÓN POLÍTICA DEL PERÚ, A FIN DE PROHIBIR LA ELECCIÓN DE AFINES DE LAS AUTORIDADES POLÍTICAS SALIENTES"
179,03482/2018-CR,Al Archivo,03/10/2018,LEY DE REFORMA CONSTITUCIONAL QUE CONVOCA A ELECCIONES GENERALES EL 2019
180,03469/2018-CR,Publicado El Peruano,28/09/2018,LEY QUE FORTALECE EL SISTEMA DE EDUCACIÓN Y MODIFICA EL ARTÍCULO 16 DE LA CONSTITUCIÓN POLÍTICA DEL PERÚ
181,03466/2018-CR,Publicado El Peruano,28/09/2018,"LEY QUE FORTALECE EL SISTEMA DE SALUD Y MODIFICA LOS ARTÍCULOS 7, 9 DE LA CONSTITUCIÓN POLÍTICA DEL PERÚ"
182,03465/2018-CR,Al Archivo,28/09/2018,LEY DE REFORMA CONSTITUCIONAL DEL ARTÍCULO 140 DE LA CONSTITUCIÓN POLÍTICA
183,03461/2017-CR,Al Archivo,27/09/2018,LEY DE REFORMA CONSTITUCIONAL QUE IMPLEMENTA LA BICAMERALIDAD CON PARIDAD EN EL CONGRESO DE LA REPÚBLICA
184,03434/2018-CR,Al Archivo,25/09/2018,"REFORMA CONSTITUCIONAL DEL ARTÍCULO 90 DE LA CONSTITUCIÓN POLÍTICA, PARA ESTABLECER COMO REQUISITO AL CARGO DE SENADOR HABER REPRESENTADO A SU DEPARTAMENTO COMO CONGRESISTA DE LA REPÚBLICA"
185,03423/2018-CR,Al Archivo,21/09/2018,LEY DE REFORMA CONSTITUCIONAL DEL ARTÍCULO 90 PARA INCORPORAR LA REPRESENTACIÓN INDÍGENA
186,03421/2018-CR,Al Archivo,21/09/2018,LEY DE REFORMA CONSTITUCIONAL QUE MODIFICA EL ARTÍCULO 93 DE LA CONSTITUCIÓN POLÍTICA DEL PERÚ PARA PRECISAR LOS ALCANCES DE LA INMUNIDAD PARLAMENTARIA
187,03411/2018-CR,Al Archivo,19/09/2018,LEY QUE REFORMA LA CONSTITUCIÓN POLÍTICA DEL PERÚ A FIN DE FORTALECER LA REPRESENTACIÓN POLÍTICA
188,03395/2018-CR,Presentado,18/09/2018,LEY DE REFORMA CONSTITUCIONAL QUE MODIFICA EL ARTÍCULO 7 DE LA CONSTITUCIÓN POLÍTICA DEL PERÚ
189,03394/2018-CR,Publicado El Peruano,18/09/2018,"LEY QUE MODIFICA LOS ARTÍCULOS 155, 156 DE LA CONSTITUCIÓN POLÍTICA DEL PERÚ Y LOS ARTÍCULOS 5, 6, 11, 17, 20 DE LA LEY 26397, LEY ORGÁNICA DEL CONSEJO NACIONAL DE LA MAGISTATURA"
190,03392/2018-CR,Al Archivo,18/09/2018,LEY DE REFORMA CONSTITUCIONAL QUE INCORPORA BICAMERALIDAD Y LA RENOVACIÓN DEL CONGRESO POR MITADES
191,03390/2018-CR,Al Archivo,18/09/2018,LEY DE REFORMA CONSTITUCIONAL QUE MODIFICA EL ARTÍCULO 206 DE LA CONSTITUCIÓN Y DISPONE LA CONVOCATORIA A ASAMBLEA CONSTITUYENTE
192,03385/2018-CR,Al Archivo,17/09/2018,LEY DE REFORMA CONSTITUCIONAL QUE ESTABLECE LA BICAMERALIDAD EN EL CONGRESO DE LA REPÚBLICA DEL PERÚ
193,03371/2018-CR,Presentado,13/09/2018,LEY QUE INCORPORA EN LA CONSTITUCIÓN POLÍTICA DEL PERÚ EL DERECHO FUNDAMENTAL DE LAS PERSONAS A LA VIVIENDA DIGNA Y ADECUADA
194,03364/2018-CR,Presentado,13/09/2018,LEY DE REFORMA CONSTITUCIONAL QUE RECONOCE EL ACCESO A LA VIVIENDA DIGNA COMO DERECHO CONSTITUCIONAL
195,03350/2018-CR,Publicado El Peruano,12/09/2018,"LEY QUE MODIFICA LOS ARTÍCULOS 151, 154, 155 Y 156 DE LA CONSTITUCIÓN POLÍTICA DEL PERÚ EN RAZÓN AL CONSEJO NACIONAL DE LA MAGISTRATURA"
196,03349/2018-CR,Publicado El Peruano,12/09/2018,LEY DE REFORMA CONSTITUCIONAL QUE MODIFICA LA CONFORMACIÓN Y ELECCIÓN DE LOS MIEMBROS DEL CONSEJO NACIONAL DE LA MAGISTRATURA
197,03344/2018-CR,Al Archivo,12/09/2018,"LEY DE REFORMA CONSTITUCIONAL, QUE MODIFICA LOS ARTÍCULOS 88, 89 Y ADICIONA EL ARTÍCULO 89-A AL CAPÍTULO VI DEL TÍTULO II DE LA CONSTITUCIÓN POLÍTICA DEL PERÚ, SOBRE EL RÉGIMEN AGRARIO Y DE LAS COMUNIDADES CAMPESINAS"
198,03334/2018-CR,Publicado El Peruano,12/09/2018,"LEY DE REFORMA CONSTITUCIONAL QUE MODIFICA LOS ARTÍCULOS 150, 154, 155, 156, 157 DE LA CONSTITUCIÓN, REFERENTES AL CONSEJO NACIONAL DE LA MAGISTRATURA Y CREA LA ASAMBLEA NACIONAL DE JUSTICIA"
199,03333/2018-CR,Al Archivo,12/09/2018,LEY DE REFORMA CONSTITUCIONAL QUE CREA EL ORGANISMO DE CONTROL DE LA MAGISTRATURA Y EL MINISTERIO PÚBLICO
200,03308/2018-CR,Al Archivo,06/09/2018,LEY DE REFORMA CONSTITUCIONAL QUE MODIFICA EL ARTÍCULO 112 DE LA CONSTITUCIÓN POLÍTICA DEL PERÚ PRECISANDO LOS ALCANCES DE LA NO REELECCIÓN INMEDIATA DEL PRESIDENTE DE LA REPÚBLICA
201,03259/2018-CR,Al Archivo,23/08/2018,LEY DE REFORMA CONSTITUCIONAL QUE RESTABLECE BICAMERALIDAD EN EL CONGRESO DE LA REPÚBLICA
202,03244/2018-CR,Al Archivo,21/08/2018,LEY DE REFORMA CONSTITUCIONAL QUE DECLARA LA EMERGENCIA DEL MINISTERIO PÚBLICO
203,03239/2018-CR,Publicado El Peruano,20/08/2018,"LEY DE REFORMA CONSTITUCIONAL QUE MODIFICA DIFERENTES ARTÍCULOS DEL CAPÍTULO IX DE LA CONSTITUCIÓN POLÍTICA DEL PERÚ, A FIN DE REFORMAR EL CONSEJO NACIONAL DE LA MAGISTRATURA"
204,03206/2018-CR,Publicado El Peruano,14/08/2018,"LEY QUE MODIFICA EL ARTÍCULO 155 DE LA CONSTITUCIÓN POLÍTICA DEL PERÚ, PARA SER ELEGIDO MIEMBRO DEL CONSEJO NACIONAL DE LA MAGISTRATURA SERÁ PREVIO CONCURSO PÚBLICO DE MÉRITOS Y EVALUACIÓN PERSONAL"
205,03192/2018-CR,Al Archivo,10/08/2018,"LEY QUE DECLARA DE DECLARATORIA DE EMERGENCIA DEL PODER JUDICIAL, DEL MINISTERIO PÚBLICO Y DE LA ACADEMIA DE LA MAGISTRATURA"
206,03187/2018-PE,Publicado El Peruano,09/08/2018,LEY DE REFORMA CONSTITUCIONAL QUE PROHÍBE LA REELECCIÓN INMEDIATA DE CONGRESISTAS DE LA REPÚBLICA
207,03186/2018-PE,Publicado El Peruano,09/08/2018,LEY DE REFORMA CONSTITUCIONAL QUE REGULA EL FINANCIAMIENTO DE LAS ORGANIZACIONES POLÍTICAS
208,03185/2018-PE,Al Archivo,09/08/2018,"LEY DE REFORMA CONSTITUCIONAL QUE ESTABLECE LA BICAMERALIDAD DEL CONGRESO DE LA REPÚBLICA, QUE FOMENTA LA IGUALDAD DE PARTICIPACIÓN DE MUJERES Y HOMBRES, Y DE LAS REGIONES"
209,03161/2018-PE,Publicado El Peruano,02/08/2018,LEY QUE CREA LA AUTORIDAD NACIONAL DE INTEGRIDAD Y CONTROL EN EL MINISTERIO PÚBLICO
210,03159/2018-PE,Publicado El Peruano,02/08/2018,LEY DE REFORMA CONSTITUCIONAL DEL CONSEJO NACIONAL DE LA MAGISTRATURA
211,03156/2018-CR,Al Archivo,01/08/2018,LEY DE REFORMA CONSTITUCIONAL QUE RECONOCE EL DERECHO DE ACCESO A INTERNET COMO DERECHO FUNDAMENTAL PROGRESIVO EN LA CONSTITUCIÓN POLÍTICA DEL PERÚ
212,03134/2017-CR,Al Archivo,23/07/2018,LEYE DE REFORMA CONSTITUCIONAL QUE MODIFICA EL ARTÍCULO 99 DE LA CONSTITUCIÓN POLÍTICA DEL PERÚ
213,03125/2017-CR,Publicado El Peruano,20/07/2018,LEY DE REFORMA CONSTITUCIONAL QUE CREA EL CONSEJO TRANSITORIO DE LA MAGISTRATURA
214,03123/2017-CR,Publicado El Peruano,19/07/2018,"LEY DE REFORMA CONSTITUCIONAL QUE ESTABLECE EL PROCESO DE SELECCIÓN, FORMACIÓN Y NOMBRAMIENTO PARA LOS CARGOS DE JUECES Y FISCALES DE TODOS LOS NIVELES"
215,03122/2017-CR,Al Archivo,17/07/2018,REFORMA CONSTITUCIONAL QUE INCORPORA LA TERCERA DISPOSICIÓN TRANSITORIA ESPECIAL A LA CONSTITUCIÓN POLÍTICA DEL PERÚ
216,02965/2017-CR,Al Archivo,05/06/2018,LEY DE REFORMA CONSTITUCIONAL QUE CREA DOS ESCAÑOS Y EL DISTRITO ELECTORAL ESPECIAL DE LOS PUEBLOS AFROPERUANOS
217,02949/2017-PE,Publicado El Peruano,04/06/2018,"LEY DE REFORMA CONSTITUCIONAL QUE ESTABLECE LA IMPRESCRIPTIBILIDAD DE LOS DELITOS CONTRA LA HUMANIDAD, CRIMENES DE GUERRA Y LOS DELITOS SEXUALES EN AGRAVIO DE MENORES DE EDAD"
218,02903/2017-CR,Publicado El Peruano,21/05/2018,LEY DE REFORMA CONSTITUCIONAL QUE PROPONE ESTABLECER EL VOTO FACULTATIVO
219,02902/2017-PJ,Publicado El Peruano,21/05/2018,"LEY DE REFORMA DE LOS ARTÍCULOS 154, 155 Y 156 DE LA CONSTITUCIÓN POLÍTICA DEL PERÚ Y LOS ARTÍCULOS 2, 5, 6, 17, 19, 21, 42 Y SEGUNDA DISPOSICIÓN TRANSITORIA Y FINAL DE LA LEY 26397-LEY ORGÁNICA DEL CONSEJO NACIONA DE LA MAGISTRATURA"
220,02885/2017-CR,En comisión,17/05/2018,LEY DE REFORMA CONSTITUCIONAL QUE CREA LA SUPERINTENDENCIA DE ENTIDADES SOLIDARIAS-SES
221,02880/2017-CR,Al Archivo,17/05/2018,"LEY QUE RESTITUYE EL SISTEMA BICAMERAL EN EL PODER LEGISLATIVO Y MODIFICA LOS ARTÍCULOS 90, 92, 94, 100, 101, 102, 104, 105, 161, 201, 206 DE LA CONSTITUCIÓN POLITICA DEL PERÚ"
222,02878/2017-CR,Al Archivo,17/05/2018,LEY DE REFORMA CONSTITUCIONAL QUE RESTITUYE EL SENADO EN EL PODER LEGISLATIVO
223,02856/2017-CR,Al Archivo,14/05/2018,LEY DE REFORMA CONSTITUCIONAL PARA RESTABLECER LA BICAMERALIDAD EN EL PERÚ
224,02772/2017-CR,Publicado El Peruano,20/04/2018,"LEY QUE EVITA LA IMPUNIDAD DE CANDIDATOS A LA PRESIDENCIA Y VICEPRESIDENCIA DE LA REPÚBLICA COMO AL CONGRESO Y PARLAMENTO ANDINO, INVOLUCRADOS EN PROCESOS PENALES EN AGRAVIO DEL ESTADO"
225,02770/2017-CR,Al Archivo,20/04/2018,LEY DE REFORMA CONSTITUCIONAL QUE MODIFICA EL ARTÍCULO 71 DE LA CONSTITUCIÓN POLÍTICA DEL PERÚ
226,02751/2017-CR,Al Archivo,19/04/2018,"LEY DE REFORMA CONSTITUCIONAL QUE MODIFICA EL ARTÍCULO 43 DEL CAPÍTULO 1 DEL ESTADO, LA NACIÓN Y EL TERRITORIO, TÍTULO II DEL ESTADO Y LA NACIÓN, DE LA CONSTITUCIÓN POLÍTICA DEL PERÚ PARA EL RECONOCIMIENTO DEL PUEBLO AFROPERUANO COMO PARTE CONSTITUTIVA DE NUESTRA NACIÓN"
227,02686/2017-CR,Publicado El Peruano,06/04/2018,LEY PARA COMBATIR LA CORRUPCIÓN EN EL FINANCIAMIENTO DE LA PROPAGANDA RADIAL Y TELEVISIVA DE SEÑAL ABIERTA EN CAMPAÑAS DE ELECCIONES GENERALES NACIONALES
228,02631/2017-CR,Al Archivo,27/03/2018,LEY DE REFORMA CONSTITUCIONAL QUE CONSTITUYE EL MODELO BICAMERAL EN EL PARLAMENTO NACIONAL
229,02613/2017-CR,Al Archivo,22/03/2018,"LEY DE REFORMA CONSTITUCIONAL DEL ARTÍCULO 93 DE LA CONSTITUCIÓN POLÍTICA DEL PERÚ DE 1993, RESPECTO A LA INMUNIDAD PARLAMENTARIA"
230,02584/2017-CR,Al Archivo,16/03/2018,REFORMA CONST.140°/PENA DE MUERTE PARA LOS DELITOS DE VIOLACIÓN SEXUAL DE MENORES DE EDAD
231,02482/2017-CR,Al Archivo,02/03/2018,LEY DE REFORMA CONSTITUCIONAL QUE INCORPORA LA PENA DE MUERTE PARA VIOLADORES DE MENORES DE SIETE AÑOS DE EDAD Y MODIFICA EL ARTÍCULO 140 DE LA CONSTITUCIÓN
232,02448/2017-CR,Al Archivo,21/02/2018,"LEY DE REFORMA CONSTITUCIONAL, QUE MODIFICA EL ARTÍCULO 48 DE LA CONSTITUCIÓN POLÍTICA DEL PERÚ"
233,02447/2017-CR,Al Archivo,21/02/2018,LEY QUE MODIFICA DIVERSOS ARTÍCULOS DE LA CONSTITUCIÓN POLÍTICA DEL PERÚ Y RESTITUYE EL SISTEMA BICAMERAL
234,02403/2017-CR,Publicado El Peruano,07/02/2018,"LEY QUE MODIFICA LA LEY 26859-LEY ORGÁNICA DE ELECCIONES, LEY 27863 -LEY DE ELECCIONES REGIONALES Y LA LEY 26864-LEY DE ELECCIONES MUNICIPALES, PARA PROMOVER LA IDONEIDAD DE LOS CANDIDATOS A CARGOS DE ELECCIÓN POPULAR."
235,02367/2017-CR,Al Archivo,01/02/2018,"LEY DE REFORMA CONSTITUCIONAL QUE INCORPORA EL INCISO 25) DENTRO DEL ARTÍCULO 2 Y EL INCISO 23) DENTRO DEL ARTÍCULO 139 DE LA CONSTITUCIÓN POLÍTICA DEL PERÚ SOBRE EL DERECHO AL DEBIDO PROCESO, PROCEDIMIENTO, A LA TUTELA JURISDICCIONAL EFECTIVA Y EL CUMPLIMIENTO DE SENTENCIAS Y RESOLUCIONES FIRMES DE LOS ÓRGANOS JURISDICCIONALES O NATURALEZA SIMILAR"
236,02366/2017-CR,Retirado,01/02/2018,LEY DE REFORMA CONSTITUCIONAL QUE MODIFICA EL ARTÍCULO 19 DE LA CONSTITUCIÓN POLÍTICA DEL PERÚ SOBRE EL RÉGIMEN TRIBUTARIO DE CENTROS DE EDUCACIÓN
237,02365/2017-CR,Dictamen Negativo,01/02/2018,LEY DE REFORMA CONSTITUCIONAL QUE DEROGA EL SEGUNDO PÁRRAFO DEL ARTÍCULO 62 DE LA CONSTITUCIÓN POLÍTICA DEL PERÚ SOBRE EL RÉGIMEN ECONÓMICO
238,02357/2017-CR,Publicado El Peruano,31/01/2018,LEY QUE MODIFICA LOS REQUISITOS PARA SER CANDIDATO A CARGOS DE ELECCIÓN POPULAR
239,02287/2017-CR,Publicado El Peruano,09/01/2018,"LEY QUE MODIFICA LA LEY 26859, LEY ORGÁNICA DE ELECCIONES, LA LEY 27683, LEY DE ELECCIONES REGIONALES Y LA LEY 26864, LEY DE ELECCIONES MUNICIPALES CON LA FINALIDAD DE PROMOVER LA IDONEIDAD DE LOS CANDIDATOS A CARGOS PÚBLICOS REPRESENTATIVOS"
240,02270/2017-CR,Publicado El Peruano,20/12/2017,LEY DE FORTALECIMIENTO DE LAS ORGANIZACIONES POLÍTICAS Y PREVENCIÓN DE INFILTRACIÓN DE DINERO ILÍCITO EN DICHAS ORGANIZACIONES
241,02235/2017-CR,Al Archivo,07/12/2017,"LEY DE REFORMA CONSTITUCIONAL DE LOS ARTÍCULOS 43, 89 DE LA CONSTITUCIÓN POLÍTICA DEL ESTADO, REFERIDOS A LA PLURINACIONALIDAD Y EL RECONOCIMIENTO DE LOS PUEBLOS INDÍGENAS U ORIGINARIOS"
242,02125/2017-CR,Al Archivo,13/11/2017,LEY DE REFORMA CONSTITUCIONAL QUE INCORPORA EL DERECHO AL DEPORTE EN LA CONSTITUCIÓN POLÍTICA DEL PERÚ
243,02069/2017-CR,Al Archivo,02/11/2017,LEY DE REFORMA CONSTITUCIONAL QUE MODIFICA EL ARTÍCULO 140 DE LA CONSTITUCIÓN POLÍTICA DEL PERU SOBRE APLICACIÓN DE LA PENA DE MUERTE
244,01960/2017-CR,Publicado El Peruano,04/10/2017,REFORMA CONST.156/REQUISITOS PARA SER MIEMBRO DEL CONSEJO NACIONAL DE LA MAGISTRATURA
245,01930/2017-CR,Publicado El Peruano,03/10/2017,LEY DE REFORMA CONSTITUCIONAL FORTALECIMIENTO DEL CONSEJO NACIONAL DE LA MAGISTRATURA
246,01902/2017-CR,Publicado El Peruano,18/09/2017,"REFORMA CONST. 155, 156/EN RELACIÓN AL CONSEJO NACIONAL DE LA MAGISTRATURA"
247,01895/2017-CR,Publicado El Peruano,14/09/2017,REFORMA CONST.155/CONFORMACIÓN DEL CONSEJO NACIONAL DE LA MAGISTRATURA
248,01873/2017-CR,Al Archivo,12/09/2017,REFORMA CONST.59/RECONOCE EXPRESAMENTE LA PROMOCIÓN DE LAS MICRO Y PEQUEÑAS EMPRESAS (MYPES)
249,01847/2017-CR,Publicado El Peruano,07/09/2017,LEY DE REFORMA CONSTITUCIONAL QUE DEMOCRATIZA Y FORTALECE LA CONFORMACIÓN DE LOS MIEMBROS DEL CONSEJO NACIONAL DE LA MAGISTRATURA
250,01819/2017-CR,Al Archivo,24/08/2017,REFORMA CONST.71/SEGURIDAD Y DEFENSA NACIONAL EN LAS ZONAS DE FRONTERA
251,01811/2017-CR,Dictamen Negativo,24/08/2017,"LEY DE REFORMA CONSTITUCIO1NAL QUE MODIFICA EL ARTÍCULO 71 DE LA CONSTITUCIÓN POLÍTICA, SOBRE ADQUISICIÓN DE BIENES POR PARTE DE EXTRANJEROS EN ZONAS DE NUESTSRAS FRONTERAS"
252,01786/2017-CR,Publicado El Peruano,15/08/2017,LEY QUE PROPONE REFORMA DEL CONSEJO NACIONAL DE LA MAGISTRATURA
253,01745/2017-PJ,Al Archivo,08/08/2017,LEY DE REFORMA CONSTITUCIONAL QUE MODIFICA EL ARTÍCULO 145 DE LA CONSTITUCIÓN POLÍTICA DEL PERÚ
254,01740/2017-CR,Al Archivo,07/08/2017,LEY DE REFORMA CONSTITUCIONAL QUE PROPONE RESTITUIR LA BICAMERALIDAD EN EL CONGRESO DE LA REPÚBLICA
255,01720/2017-PE,Publicado El Peruano,28/07/2017,LEY DE REFORMA DE LOS ARTÍCULOS 155 Y 156 DE LA CONSTITUCIÓN POLÍTICA DEL PERÚ SOBRE LA CONFORMACIÓN Y REQUISITOS PARA SER MIEMBROS DEL CONSEJO NACIONAL DE LA MAGISTRATURA
256,01678/2016-CR,Al Archivo,19/07/2017,"REFORMA CONST.56, 57,OTROS/RESTABLECER LA CÁMARA DE DIPUTADOS Y LA CÁMARA DE SENADORES"
257,01629/2016-CR,Dictamen Negativo,03/07/2017,LEY DE REFORMA CONSTITUCIONAL QUE RECONOCE EL DERECHO A LA ALIMENTACIÓN ADECUADA Y SALUDABLE COMO DERECHO CONSTITUCIONAL
258,01565/2016-CR,Publicado El Peruano,21/06/2017,"LEY QUE MODIFICA EL ARTÍCULO 113 DE LA LEY ORGÁNICA DE ELECCIONES, LEY 26859"
259,01561/2016-CR,Dictamen Negativo,20/06/2017,LEY DE REFORMA CONSTITUCIONAL QUE RECONOCE EXPRESAMENTE EL DERECHO A LA ALIMENTACIÓN COMO DERECHO FUNDAMENTAL
260,01480/2016-CR,Al Archivo,07/06/2017,REFORMA CONST.202/TRIBUNAL CONSTITUCIONAL SEA COMPETENTE EN SEGUNDA Y ÚLTIMA INSTANCIA
261,01468/2016-CR,Al Archivo,06/06/2017,REFORMA CONST.194/ REELECCIÓN INMEDIATA POR UN PERÍODO ADICIONAL A LOS ALCALDES DE LOS GOBIERNOS LOCALES
262,01446/2016-CR,Al Archivo,24/05/2017,LEY DE REFORMA CONSTITUCIONAL QUE PERMITE LA REELECCIÓN INMEDIATA Y POR ÚNICA VEZ DE AUTORIDADES MUNICIPALES Y ESTABLECE LA REVOCATORIA PARA LAS AUTORIDADES REELEGIDAS
263,01409/2016-CR,Al Archivo,17/05/2017,LEY DE REFORMA CONSTITUCIONAL QUE AMPLÍA EL PERÍODO DE ELECCIÓN PARA ALCADES Y REGIDORES A CINCO AÑOS
264,01376/2016-CR,Al Archivo,11/05/2017,LEY DE REFORMA CONSTITUCIONAL QUE PERMITE LA REELECCIÓN
265,01346/2016-CR,Al Archivo,04/05/2017,RESOLUCIÓN LEGISLATIVA QUE MODIFICA EL ARTÍCULO 81 DEL REGLAMENTO DEL CONGRESO DE LA REPÚBLICA
266,01325/2016-PE,Al Archivo,02/05/2017,LEY DE REFORMA CONSTITUCIONAL QUE RESTITUYE EL SISTEMA BICAMERAL EN LA ESTRUCTURA DEL CONGRESO DE LA REPÚBLICA
267,01299/2016-CR,Al Archivo,25/04/2017,"REFORMA CONST.20,42/DERECHOS DE PETICIÓN COLECTIVO Y LA SINDICACIÓN DE LOS MIEMBROS DE LA POLICÍA NACIONAL DEL PERÚ"
268,01264/2016-CR,Al Archivo,20/04/2017,"REFORMA CONST. 6, 9, 13, 43, 50/PRINCIPIO CONSTITUCIONAL DE LAICIDAD DEL ESTADO"
269,01081/2016-CR,Al Archivo,15/03/2017,LEY DE REFORMA CONSTITUCIONAL QUE RECONOCE EL RESPETO A LA IDENTIDAD CULTURAL DEL PUEBLO AFROPERUANO
270,00981/2016-CR,Al Archivo,21/02/2017,"REFORMA CONST.191°,194°/EXTENDER EL PERÍODO DE MANDATO DE LAS AUTORIDADES DE LOS GOBIERNOS SUBNACIONALES"
271,00955/2016-CR,Publicado El Peruano,14/02/2017,"REFORMA CONST.154, 155, 156/FORTALECE LA COMPOSICIÓN Y FUNCIONES DEL CONSEJO NACIONAL DE LA MAGISTRATURA"
272,00925/2016-CR,Al Archivo,01/02/2017,REFORMA CONST.149/COMITÉS DE AUTODEFENSA COMO ORGANIZACIONES DE APOYO A LAS COMUNIDADES CAMPESINAS
273,00922/2016-CR,Al Archivo,01/02/2017,REFORMA CONST.86/ELECCIÓN DE DIRECTORES DEL BANCO CENTRAL DE RESERVA DEL PERÚ
274,00904/2016-CR,Al Archivo,27/01/2017,REFORMA CONST.182/AMPLÍA EL PERÍODO JEFE DE LA OFICINA NACIONAL DE PROCESOS ELECTORALES
275,00899/2016-CR,Al Archivo,23/01/2017,LEY QUE INCORPORA EL SENADO A LA ESTRUCTURA DEL CONGRESO DE LA REPÚBLICA
276,00885/2016-CR,Al Archivo,17/01/2017,REFORMA CONST.149/RECONOCE FACULTADES JURISDICCIONALES A LAS RONDAS CAMPESINAS
277,00710/2016-CR,Publicado El Peruano,28/11/2016,LEY RE REFORMA CONSTITUCIONAL QUE AMPLÍA EL PLAZO DE LA DETENCIÓN PREVENTIVA POLICIAL
278,00667/2016-CR,Publicado El Peruano,22/11/2016,"LEY DE REFORMA CONSTITUCIONAL QUE INCORPORA LA RENOVACIÓN POR MITADES, ELECCIÓN EN DISTRITOS UNINOMINALES Y ESTABLECE REPRESENTACIÓN DE PERUANOS EN EL EXTERIOR EN EL CONGRESO DE LA REPÚBLICA"
279,00638/2016-CR,Publicado El Peruano,15/11/2016,LEY DE REFORMA CONSTITUCIONAL QUE INCORPORA LA IMPRESCRIPTIBILIDAD DE LA ACCIÓN PENAL E INHABILITACIÓN DE LOS FUNCIONARIOS Y SERVIDORES PÚBLICOS QUE COMETEN DELITOS DE CORRUPCIÓN
280,00559/2016-CR,Publicado El Peruano,07/11/2016,LEY DE REFORMA CONSTITUCIONAL QUE PROPONE LA IMPRESCRIPTIBILIDAD DE LOS DELITOS DE CORRUPCIÓN
281,00549/2016-CR,Publicado El Peruano,04/11/2016,"LEY DE REFORMA CONSTITUCIONAL PARA ESTABLECER LA IMPRESCRIPTIBILIDAD DE LOS DELITOS COMETIDOS POR FUNCIONARIOS Y SERVIDORES PÚBLICOS PARA LA LUCHA CONTRA LA CORRUPCIÓN, LA TRAICIÓN A LA PATRIA Y PARA LA DEFENSA DE LA SEGURIDAD NACIONAL"
282,00467/2016-PE,Publicado El Peruano,21/10/2016,LEY DE REFORMA DEL ARTÍCULO 41 DE LA CONSTITUCIÓN POLÍTICA DEL PERÚ
283,00451/2016-PE,Publicado El Peruano,21/10/2016,"LEY DE REFORMA CONSTITUCIONAL QUE MODIFICA EL LITERAL F, DEL NUMERAL 24, DEL ARTÍCULO 2 DE LA CONSTITUCIÓN POLÍTICA DEL PERÚ"
284,00424/2016-CR,Publicado El Peruano,19/10/2016,REFORMA CONSTITUCIONAL/INCORPORA EL DERECHO AL AGUA POTABLE Y SANEAMIENTO A LA CONSTITUCIÓN POLÍTICA DEL PERÚ
285,00354/2016-IC,Presentado,03/10/2016,REFORMA CONSTITUCIONAL:ARTÍCULO 206 DE LA CONSTITUCIÓN DE 1993 POR EL QUE SE ESTABLECE EL PROCEDIMIENTO PARA LA REFORMA TOTAL DE LA ACTUAL CONSTITUCIÓN.
286,00342/2016-CR,Al Archivo,29/09/2016,REFORMA CONST.161/ELIMINA EL REQUISITO DE ABOGADO PARA SER ELEGIDO DEFENSOR DEL PUEBLO
287,00331/2016-CR,Al Archivo,28/09/2016,REFORMA CONST.194/ REELECCIÓN DE ALCALDES PROVINCIALES Y DISTRITALES
288,00324/2016-CR,Al Archivo,28/09/2016,REFORMA CONST.194/ REELECCIÓN INMEDIATA DE AUTORIDADES LOCALES
289,00321/2016-CR,Al Archivo,27/09/2016,REFORMA CONST.194/ REELECCIÓN DE ALCALDES...
290,00272/2016-CR,Publicado El Peruano,19/09/2016,REFORMA CONST.2°/EL AGUA COMO DERECHO HUMANO
291,00262/2016-CR,Publicado El Peruano,15/09/2016,REFORMA CONSTITUCIONAL/INCORPORA EL DERECHO AL AGUA
292,00250/2016-CR,Publicado El Peruano,14/09/2016,REFORMA CONST. 2°/INCORPORA AL CRIMEN ORGANIZADO EN EL PLAZO DE DETENCIÓN PREVENTIVA POR EL TÉRMINO NO MAYOR DE QUINCE DÍAS
293,00192/2016-CR,Publicado El Peruano,01/09/2016,LEY DE REFORMA CONSTITUCIONAL QUE INCORPORA EL ACCESO AL AGUA COMO DERECHO FUNDAMENTAL
294,00127/2016-CR,Publicado El Peruano,24/08/2016,LEY DE REFORMA CONSTITUCIONAL PARA FORTALECER LA LUCHA CONTRA LA CORRUPCIÓN
295,00122/2016-CR,Al Archivo,24/08/2016,"REFORMA CONST.2°, 33°/SELECCIÓN DE LAS AUTORIDADES PROVENIENTES DE ELECCIÓN POPULAR"
296,00121/2016-CR,Publicado El Peruano,24/08/2016,"REFORMA CONST. 41°,139°/IMPRESCRIPTIBILIDAD DE LOS DELITOS COMETIDOS POR FUNCIONARIOS Y SERVIDORES PÚBLICOS EN EL MARCO DE LA LUCHA CONTRA LA CORRUPCIÓN"
297,00119/2016-CR,Publicado El Peruano,23/08/2016,REFORMA CONST. 41°/DELITOS COMETIDOS CONTRA PATRIMONIO ESTADO
298,00100/2016-CR,Publicado El Peruano,23/08/2016,"REFORMA CONST.2°/DERECHO AL AGUA, COMO DERECHO FUNDAMENTAL"
299,00090/2016-CR,Dictamen,22/08/2016,LEY DE REFORMA CONSTITUCIONAL QUE REGULA LOS ALCANCES DE LA DEFENSA JUDICIAL DEL ESTADO Y ESTABLECE LA FORMA DE SELECCIÓN DE LOS PROCURADORES PÚBLICOS
300,00078/2016-CR,Retirado,19/08/2016,"LEY DE REFORMA CONSTITUCIONAL QUE MODIFICA EL ARTÍCULO 82 Y CREA EL SISTEMA NACIONAL DE PROCURADURÍAS ANTICORRUPCIÓN, DE LOS ÓRGANOS DE CONTROL Y DEFENSA JURÍDICA DE LOS INTERESES DEL ESTADO"
301,00070/2016-CR,Dictamen,18/08/2016,"LEY DE REFORMA CONSTITUCIONAL, CREANDO LA PROCURADURÍA GENERAL DE LA REPÚBLICA"
302,00055/2016-CR,Retirado,17/08/2016,LEY DE REFORMA CONSTITUCIONAL QUE MODIFICA EL ARTÍCULO 28 DE LA CONSTITUCIÓN POLÍTICA DEL PERÚ
303,00054/2016-CR,Dictamen,16/08/2016,"REFORMA CONST.39°, 47° y 99°/CREA LA PROCURADURÍA GENERAL DE LA REPÚBLICA"
